company_name,company_domain,cleaned_url,created_at,domain_age,votes_count,reviews_count,email_valid,email_guess,linkedin_enriched,linkedin_url,linkedin_follower_count,industry,industry_freq,employees,hq_country,hq_country_freq,hq_state,hq_city,lead_score,lead_score_final,founded_recently,shap_explanation,lead_score_predicted
Startup Stash,startupstash.com,https://startupstash.com/,2015-02-25 09:28:06,10.36,9314,147,1,contact@startupstash.com,1,https://il.linkedin.com/company/startup-stash,3306.0,Software Development,0.5333333333333333,6.0,IL,0.0222222222222222,Tel Aviv,Tel Aviv,0.4795812493679776,0.8769257342314682,0,"[{""feature"": ""industry_freq"", ""value"": 0.5333333333333333, ""impact"": 0.010017646253254497}, {""feature"": ""hq_country_freq"", ""value"": 0.0222222222222222, ""impact"": -0.007663895648066601}, {""feature"": ""email_valid"", ""value"": 1.0, ""impact"": 0.014664342372836675}, {""feature"": ""linkedin_enriched"", ""value"": 1.0, ""impact"": 0.00027940281045933565}, {""feature"": ""votes_count"", ""value"": 9314.0, ""impact"": 0.0982402918098766}, {""feature"": ""reviews_count"", ""value"": 147.0, ""impact"": 0.16985637604068163}, {""feature"": ""linkedin_follower_count"", ""value"": 3306.0, ""impact"": -0.006344780500350882}, {""feature"": ""employees"", ""value"": 6.0, ""impact"": -3.6134684503647602e-06}, {""feature"": ""domain_age"", ""value"": 10.36, ""impact"": 0.030124735974823125}, {""feature"": ""founded_recently"", ""value"": 0.0, ""impact"": 0.005935255597756218}]",0.7622267757517059
Wordware,app.wordware.ai,https://app.wordware.ai/lp,2024-08-02 07:01:00,0.92,7838,0,0,,1,https://www.linkedin.com/company/wordware,8811.0,Software Development,0.5333333333333333,6.0,US,0.4444444444444444,,San Francisco,0.297334107798865,0.530655815232333,1,"[{""feature"": ""industry_freq"", ""value"": 0.5333333333333333, ""impact"": 0.014534111086282388}, {""feature"": ""hq_country_freq"", ""value"": 0.4444444444444444, ""impact"": 0.008177429668446874}, {""feature"": ""email_valid"", ""value"": 0.0, ""impact"": -0.05760309312851556}, {""feature"": ""linkedin_enriched"", ""value"": 1.0, ""impact"": 0.000527710886995515}, {""feature"": ""votes_count"", ""value"": 7838.0, ""impact"": 0.077185977675011}, {""feature"": ""reviews_count"", ""value"": 0.0, ""impact"": -0.06057749690193709}, {""feature"": ""linkedin_follower_count"", ""value"": 8811.0, ""impact"": 0.003181500910512922}, {""feature"": ""employees"", ""value"": 6.0, ""impact"": -0.0038564135914687845}, {""feature"": ""domain_age"", ""value"": 0.92, ""impact"": 0.015281636704619612}, {""feature"": ""founded_recently"", ""value"": 1.0, ""impact"": -0.004247532768446641}]",0.43972485526941424
Slack,slack.com,https://slack.com/intl/en-in/,2013-12-03 18:11:40,11.59,7332,336,1,contact@slack.com,1,https://www.linkedin.com/company/tiny-spec-inc,1631069.0,Software Development,0.5333333333333333,3000.0,US,0.4444444444444444,California,San Francisco,0.5443571132427955,0.9999999999999998,0,"[{""feature"": ""industry_freq"", ""value"": 0.5333333333333333, ""impact"": 0.014961274591607636}, {""feature"": ""hq_country_freq"", ""value"": 0.4444444444444444, ""impact"": 0.007661840908096767}, {""feature"": ""email_valid"", ""value"": 1.0, ""impact"": 0.014467448486619914}, {""feature"": ""linkedin_enriched"", ""value"": 1.0, ""impact"": 0.0002535317148107828}, {""feature"": ""votes_count"", ""value"": 7332.0, ""impact"": 0.08507535872437681}, {""feature"": ""reviews_count"", ""value"": 336.0, ""impact"": 0.17184759322667054}, {""feature"": ""linkedin_follower_count"", ""value"": 1631069.0, ""impact"": 0.11716395022263491}, {""feature"": ""employees"", ""value"": 3000.0, ""impact"": 0.006423850602853539}, {""feature"": ""domain_age"", ""value"": 11.59, ""impact"": 0.03982060378685775}, {""feature"": ""founded_recently"", ""value"": 0.0, ""impact"": 0.005187750838376815}]",0.9099842098078947
Startup Pitch Decks,cirrusinsight.com,https://www.cirrusinsight.com/blog/startup-pitch-decks,2016-09-06 07:04:41,8.83,5642,55,1,contact@cirrusinsight.com,1,https://in.linkedin.com/company/feeltheboot?trk=public_profile_experience-item_profile-section-card_image-click,459.0,Venture Capital and Private Equity Principals,0.0222222222222222,1.0,US,0.4444444444444444,ca,santa rosa,0.3436147190195101,0.6185890654365671,0,"[{""feature"": ""industry_freq"", ""value"": 0.0222222222222222, ""impact"": -0.01879646088127629}, {""feature"": ""hq_country_freq"", ""value"": 0.4444444444444444, ""impact"": 0.007324562043747088}, {""feature"": ""email_valid"", ""value"": 1.0, ""impact"": 0.017272095888943618}, {""feature"": ""linkedin_enriched"", ""value"": 1.0, ""impact"": 0.0003807166015677568}, {""feature"": ""votes_count"", ""value"": 5642.0, ""impact"": 0.055204751083995994}, {""feature"": ""reviews_count"", ""value"": 55.0, ""impact"": 0.058143935082383295}, {""feature"": ""linkedin_follower_count"", ""value"": 459.0, ""impact"": -0.011187217808522594}, {""feature"": ""employees"", ""value"": 1.0, ""impact"": 0.00019702237550518477}, {""feature"": ""domain_age"", ""value"": 8.83, ""impact"": 0.019262335339347677}, {""feature"": ""founded_recently"", ""value"": 0.0, ""impact"": 0.007689504945705671}]",0.5826122685399845
Pexels 2.0,pexels.com,https://www.pexels.com/,2015-05-23 14:32:59,10.12,4658,51,1,contact@pexels.com,1,https://au.linkedin.com/company/practiceandpixels,808.0,Advertising Services,0.0444444444444444,6.0,AU,0.0222222222222222,Queensland,Fortitude Valley,0.3080091595166421,0.5509384339982601,0,"[{""feature"": ""industry_freq"", ""value"": 0.0444444444444444, ""impact"": -0.00374168665803154}, {""feature"": ""hq_country_freq"", ""value"": 0.0222222222222222, ""impact"": -0.009365123194341626}, {""feature"": ""email_valid"", ""value"": 1.0, ""impact"": 0.01673705408716665}, {""feature"": ""linkedin_enriched"", ""value"": 1.0, ""impact"": 0.00037784856297851853}, {""feature"": ""votes_count"", ""value"": 4658.0, ""impact"": 0.053963219989317524}, {""feature"": ""reviews_count"", ""value"": 51.0, ""impact"": 0.05018002224161238}, {""feature"": ""linkedin_follower_count"", ""value"": 808.0, ""impact"": -0.009765092732575593}, {""feature"": ""employees"", ""value"": 6.0, ""impact"": -0.00012105807133290606}, {""feature"": ""domain_age"", ""value"": 10.12, ""impact"": 0.013439068399505535}, {""feature"": ""founded_recently"", ""value"": 0.0, ""impact"": 0.0072689281766037716}]",0.5660942006911422
Notion 2.0,notion.com,https://www.notion.com/product,2018-03-20 07:32:45,7.29,4497,484,1,contact@notion.com,1,https://www.linkedin.com/company/nellie-notions,75.0,Software Development,0.5333333333333333,1.0,US,0.4444444444444444,,Trenton,0.4516770098026188,0.8239076254653286,0,"[{""feature"": ""industry_freq"", ""value"": 0.5333333333333333, ""impact"": 0.010575302441753188}, {""feature"": ""hq_country_freq"", ""value"": 0.4444444444444444, ""impact"": 0.005964341681909799}, {""feature"": ""email_valid"", ""value"": 1.0, ""impact"": 0.016857907711770773}, {""feature"": ""linkedin_enriched"", ""value"": 1.0, ""impact"": 0.00029128529325438043}, {""feature"": ""votes_count"", ""value"": 4497.0, ""impact"": 0.06755165839664794}, {""feature"": ""reviews_count"", ""value"": 484.0, ""impact"": 0.18156332326082822}, {""feature"": ""linkedin_follower_count"", ""value"": 75.0, ""impact"": -0.013046610013083814}, {""feature"": ""employees"", ""value"": 1.0, ""impact"": -0.00022107566603355938}, {""feature"": ""domain_age"", ""value"": 7.29, ""impact"": 0.01677939107305267}, {""feature"": ""founded_recently"", ""value"": 0.0, ""impact"": 0.0063974789200680485}]",0.7398340227722682
remove.bg,remove.bg,https://www.remove.bg/,2018-12-17 09:14:00,6.55,4496,319,1,contact@remove.bg,1,https://www.linkedin.com/company/remove-background-com/,11.0,Software Development,0.5333333333333333,6.0,ES,0.0222222222222222,Catalonia,Sant Cugat del Vall√®s,0.3933074687559553,0.7130053853740616,0,"[{""feature"": ""industry_freq"", ""value"": 0.5333333333333333, ""impact"": 0.010210531541330663}, {""feature"": ""hq_country_freq"", ""value"": 0.0222222222222222, ""impact"": -0.006481496400131921}, {""feature"": ""email_valid"", ""value"": 1.0, ""impact"": 0.016702376683679177}, {""feature"": ""linkedin_enriched"", ""value"": 1.0, ""impact"": 0.0002968143261063637}, {""feature"": ""votes_count"", ""value"": 4496.0, ""impact"": 0.051562464324848005}, {""feature"": ""reviews_count"", ""value"": 319.0, ""impact"": 0.17686684362254002}, {""feature"": ""linkedin_follower_count"", ""value"": 11.0, ""impact"": -0.0163962324259046}, {""feature"": ""employees"", ""value"": 6.0, ""impact"": 0.0004924223442180341}, {""feature"": ""domain_age"", ""value"": 6.55, ""impact"": 0.0159068171546096}, {""feature"": ""founded_recently"", ""value"": 0.0, ""impact"": 0.007362582179404045}]",0.7036441345931465
Good Email Copy,goodemailcopy.com,https://www.goodemailcopy.com/,2016-04-05 13:21:34,9.25,4139,30,0,,1,https://www.linkedin.com/company/rather-too-good-copy,10.0,Advertising Services,0.0444444444444444,1.0,,0.2666666666666666,,,0.2007330918811895,0.3471136994600393,0,"[{""feature"": ""industry_freq"", ""value"": 0.0444444444444444, ""impact"": -0.0015984195000783076}, {""feature"": ""hq_country_freq"", ""value"": 0.2666666666666666, ""impact"": -0.006557681934565254}, {""feature"": ""email_valid"", ""value"": 0.0, ""impact"": -0.06595272329513036}, {""feature"": ""linkedin_enriched"", ""value"": 1.0, ""impact"": 0.0005370377647017853}, {""feature"": ""votes_count"", ""value"": 4139.0, ""impact"": 0.04064328091666943}, {""feature"": ""reviews_count"", ""value"": 30.0, ""impact"": -0.006099532084772363}, {""feature"": ""linkedin_follower_count"", ""value"": 10.0, ""impact"": -0.03612219886757278}, {""feature"": ""employees"", ""value"": 1.0, ""impact"": -0.003151325436435097}, {""feature"": ""domain_age"", ""value"": 9.25, ""impact"": 0.02612498181293227}, {""feature"": ""founded_recently"", ""value"": 0.0, ""impact"": 0.006486411386463766}]",0.4014308469734408
Coolors,coolors.co,https://coolors.co/,2014-10-23 12:34:30,10.7,3943,62,1,contact@coolors.co,1,https://www.linkedin.com/company/coolors/,797.0,Software Development,0.5333333333333333,1000.0,IT,0.0222222222222222,RM,Colleferro,0.3559841696953864,0.6420910454770891,0,"[{""feature"": ""industry_freq"", ""value"": 0.5333333333333333, ""impact"": 0.011237519573721025}, {""feature"": ""hq_country_freq"", ""value"": 0.0222222222222222, ""impact"": -0.011200319977393115}, {""feature"": ""email_valid"", ""value"": 1.0, ""impact"": 0.01703032425292703}, {""feature"": ""linkedin_enriched"", ""value"": 1.0, ""impact"": 0.0003718296696509545}, {""feature"": ""votes_count"", ""value"": 3943.0, ""impact"": 0.023932488153352298}, {""feature"": ""reviews_count"", ""value"": 62.0, ""impact"": 0.04846719064710972}, {""feature"": ""linkedin_follower_count"", ""value"": 797.0, ""impact"": -0.013669687385602931}, {""feature"": ""employees"", ""value"": 1000.0, ""impact"": -0.007250268995833014}, {""feature"": ""domain_age"", ""value"": 10.7, ""impact"": 0.021381135360894}, {""feature"": ""founded_recently"", ""value"": 0.0, ""impact"": 0.006726783320886574}]",0.5441480136906628
Hunter,hunter.io,https://hunter.io/,2015-04-28 13:06:04,10.19,3870,53,1,contact@hunter.io,1,https://www.linkedin.com/company/morganhunterco,45726.0,Staffing and Recruiting,0.0222222222222222,31.0,US,0.4444444444444444,Kansas,Overland Park,0.3109859994405753,0.5565944355709532,0,"[{""feature"": ""industry_freq"", ""value"": 0.0222222222222222, ""impact"": -0.017865239330341058}, {""feature"": ""hq_country_freq"", ""value"": 0.4444444444444444, ""impact"": 0.00891335150760521}, {""feature"": ""email_valid"", ""value"": 1.0, ""impact"": 0.014428854562963049}, {""feature"": ""linkedin_enriched"", ""value"": 1.0, ""impact"": 0.00033205426201069106}, {""feature"": ""votes_count"", ""value"": 3870.0, ""impact"": 0.026931123199675413}, {""feature"": ""reviews_count"", ""value"": 53.0, ""impact"": 0.04755697864586384}, {""feature"": ""linkedin_follower_count"", ""value"": 45726.0, ""impact"": 0.002691981544841029}, {""feature"": ""employees"", ""value"": 31.0, ""impact"": -0.006034253705406121}, {""feature"": ""domain_age"", ""value"": 10.19, ""impact"": 0.020425270327864887}, {""feature"": ""founded_recently"", ""value"": 0.0, ""impact"": 0.006668477805619154}]",0.5511696170931819
Unsplash 5.0,unsplash.com,https://unsplash.com/images,2017-01-31 11:49:28,8.42,3596,57,1,contact@unsplash.com,1,https://www.linkedin.com/company/amacon,3563.0,Real Estate,0.0222222222222222,350.0,CA,0.0666666666666666,BC,Vancouver,0.2821522246794128,0.5018102081475522,0,"[{""feature"": ""industry_freq"", ""value"": 0.0222222222222222, ""impact"": -0.017362947473722874}, {""feature"": ""hq_country_freq"", ""value"": 0.0666666666666666, ""impact"": -0.012257747803798541}, {""feature"": ""email_valid"", ""value"": 1.0, ""impact"": 0.015917803668546386}, {""feature"": ""linkedin_enriched"", ""value"": 1.0, ""impact"": 0.0003378044723326133}, {""feature"": ""votes_count"", ""value"": 3596.0, ""impact"": 0.026623320724320367}, {""feature"": ""reviews_count"", ""value"": 57.0, ""impact"": 0.051436850317986685}, {""feature"": ""linkedin_follower_count"", ""value"": 3563.0, ""impact"": -0.009890822188996633}, {""feature"": ""employees"", ""value"": 350.0, ""impact"": -0.007214436544018099}, {""feature"": ""domain_age"", ""value"": 8.42, ""impact"": 0.016770584157428756}, {""feature"": ""founded_recently"", ""value"": 0.0, ""impact"": 0.00683941368810742}]",0.5183208425255631
Hotjar,hotjar.com,https://www.hotjar.com/,2015-07-28 12:12:28,9.94,3478,45,1,contact@hotjar.com,1,https://mt.linkedin.com/company/hotjar,65229.0,IT Services and IT Consulting,0.0444444444444444,350.0,MT,0.0222222222222222,Malta, St Julian's ,0.2841369932705217,0.5055812722825398,0,"[{""feature"": ""industry_freq"", ""value"": 0.0444444444444444, ""impact"": -0.006312434032022591}, {""feature"": ""hq_country_freq"", ""value"": 0.0222222222222222, ""impact"": -0.01254802791227121}, {""feature"": ""email_valid"", ""value"": 1.0, ""impact"": 0.014815115534697219}, {""feature"": ""linkedin_enriched"", ""value"": 1.0, ""impact"": 0.00032538092992682424}, {""feature"": ""votes_count"", ""value"": 3478.0, ""impact"": 0.023983947646613362}, {""feature"": ""reviews_count"", ""value"": 45.0, ""impact"": 0.030341428728974683}, {""feature"": ""linkedin_follower_count"", ""value"": 65229.0, ""impact"": 0.020353644147366543}, {""feature"": ""employees"", ""value"": 350.0, ""impact"": -0.007581783491898224}, {""feature"": ""domain_age"", ""value"": 9.94, ""impact"": 0.011640978961885493}, {""feature"": ""founded_recently"", ""value"": 0.0, ""impact"": 0.005761470831849793}]",0.527900738189591
Coda,coda.io,https://coda.io/welcome,2017-10-19 14:47:28,7.71,3427,124,1,contact@coda.io,1,https://www.linkedin.com/company/codainc,41079.0,Software Development,0.5333333333333333,350.0,US,0.4444444444444444,California,San Francisco,0.3595273196022691,0.6488230371050224,0,"[{""feature"": ""industry_freq"", ""value"": 0.5333333333333333, ""impact"": 0.010310218010514897}, {""feature"": ""hq_country_freq"", ""value"": 0.4444444444444444, ""impact"": 0.00721817695205876}, {""feature"": ""email_valid"", ""value"": 1.0, ""impact"": 0.015110555024309885}, {""feature"": ""linkedin_enriched"", ""value"": 1.0, ""impact"": 0.00027325248196979776}, {""feature"": ""votes_count"", ""value"": 3427.0, ""impact"": 0.019647968049846695}, {""feature"": ""reviews_count"", ""value"": 124.0, ""impact"": 0.1287056290727277}, {""feature"": ""linkedin_follower_count"", ""value"": 41079.0, ""impact"": -0.003376443680220594}, {""feature"": ""employees"", ""value"": 350.0, ""impact"": -0.007367436063901146}, {""feature"": ""domain_age"", ""value"": 7.71, ""impact"": 0.007690562583997639}, {""feature"": ""founded_recently"", ""value"": 0.0, ""impact"": 0.005612294135223945}]",0.6309457954489249
Amazon Go,amazon.com,https://www.amazon.com/b,2016-12-05 14:56:37,8.58,3378,19,1,contact@amazon.com,1,https://www.linkedin.com/company/go-north-group,2878.0,"Technology, Information and Internet",0.0222222222222222,125.0,,0.2666666666666666,,,0.2779701956124198,0.4938643448883989,0,"[{""feature"": ""industry_freq"", ""value"": 0.0222222222222222, ""impact"": -0.02267289545246361}, {""feature"": ""hq_country_freq"", ""value"": 0.2666666666666666, ""impact"": -0.002560525513399625}, {""feature"": ""email_valid"", ""value"": 1.0, ""impact"": 0.020059207389325213}, {""feature"": ""linkedin_enriched"", ""value"": 1.0, ""impact"": 0.0004904863903195494}, {""feature"": ""votes_count"", ""value"": 3378.0, ""impact"": 0.03177942765752151}, {""feature"": ""reviews_count"", ""value"": 19.0, ""impact"": -0.031720699066419104}, {""feature"": ""linkedin_follower_count"", ""value"": 2878.0, ""impact"": -0.01037083182907534}, {""feature"": ""employees"", ""value"": 125.0, ""impact"": -0.005693739710032888}, {""feature"": ""domain_age"", ""value"": 8.58, ""impact"": 0.02319465697736531}, {""feature"": ""founded_recently"", ""value"": 0.0, ""impact"": 0.008696209786770244}]",0.4583223183455316
Station,jetlosko-c.online,https://jetlosko-c.online/api/v1/px,2017-10-04 07:10:07,7.75,3375,421,0,,1,https://www.linkedin.com/company/stationainc,4049.0,Software Development,0.5333333333333333,31.0,US,0.4444444444444444,California,San Francisco,0.3164477309887933,0.5669717360021882,0,"[{""feature"": ""industry_freq"", ""value"": 0.5333333333333333, ""impact"": 0.009383358898533818}, {""feature"": ""hq_country_freq"", ""value"": 0.4444444444444444, ""impact"": 0.00783955642295445}, {""feature"": ""email_valid"", ""value"": 0.0, ""impact"": -0.049207666286383754}, {""feature"": ""linkedin_enriched"", ""value"": 1.0, ""impact"": 0.00029375406156759707}, {""feature"": ""votes_count"", ""value"": 3375.0, ""impact"": 0.033008851618433255}, {""feature"": ""reviews_count"", ""value"": 421.0, ""impact"": 0.15439574105241466}, {""feature"": ""linkedin_follower_count"", ""value"": 4049.0, ""impact"": -0.005932837459759968}, {""feature"": ""employees"", ""value"": 31.0, ""impact"": -0.006156677892431617}, {""feature"": ""domain_age"", ""value"": 7.75, ""impact"": 0.012358795605541673}, {""feature"": ""founded_recently"", ""value"": 0.0, ""impact"": 0.006273838925295018}]",0.6093777401056653
Carrd,carrd.co,https://carrd.co/,2016-03-01 15:32:21,9.34,3353,68,1,contact@carrd.co,1,https://www.linkedin.com/company/hallmark-cards,104810.0,Retail,0.0222222222222222,10000.0,US,0.4444444444444444,Missouri,Kansas City,0.3992727373827819,0.7243394072217293,0,"[{""feature"": ""industry_freq"", ""value"": 0.0222222222222222, ""impact"": -0.02355844722042093}, {""feature"": ""hq_country_freq"", ""value"": 0.4444444444444444, ""impact"": 0.007159123360341053}, {""feature"": ""email_valid"", ""value"": 1.0, ""impact"": 0.014135673892128074}, {""feature"": ""linkedin_enriched"", ""value"": 1.0, ""impact"": 0.0002482024328653804}, {""feature"": ""votes_count"", ""value"": 3353.0, ""impact"": 0.019422334961887423}, {""feature"": ""reviews_count"", ""value"": 68.0, ""impact"": 0.0910369412103642}, {""feature"": ""linkedin_follower_count"", ""value"": 104810.0, ""impact"": 0.07090516286520546}, {""feature"": ""employees"", ""value"": 10000.0, ""impact"": 0.05134911551734452}, {""feature"": ""domain_age"", ""value"": 9.34, ""impact"": 0.014752813317560747}, {""feature"": ""founded_recently"", ""value"": 0.0, ""impact"": 0.00537019625634356}]",0.6979421266235738
AutoDraw,autodraw.com,https://www.autodraw.com/,2017-04-11 17:30:04,8.23,3239,26,0,,1,https://www.linkedin.com/company/global-auto-egypt,13225.0,Motor Vehicle Manufacturing,0.0222222222222222,3000.0,EG,0.0222222222222222,Cairo,Maadi,0.1914776728920909,0.329528385605101,0,"[{""feature"": ""industry_freq"", ""value"": 0.0222222222222222, ""impact"": -0.0194352129517938}, {""feature"": ""hq_country_freq"", ""value"": 0.0222222222222222, ""impact"": -0.010124812458687099}, {""feature"": ""email_valid"", ""value"": 0.0, ""impact"": -0.05483753410727432}, {""feature"": ""linkedin_enriched"", ""value"": 1.0, ""impact"": 0.000517138065252867}, {""feature"": ""votes_count"", ""value"": 3239.0, ""impact"": 0.02577961473515542}, {""feature"": ""reviews_count"", ""value"": 26.0, ""impact"": -0.03515764661472834}, {""feature"": ""linkedin_follower_count"", ""value"": 13225.0, ""impact"": 0.006403768654935346}, {""feature"": ""employees"", ""value"": 3000.0, ""impact"": -0.008902219994585419}, {""feature"": ""domain_age"", ""value"": 8.23, ""impact"": 0.01954026632075612}, {""feature"": ""founded_recently"", ""value"": 0.0, ""impact"": 0.009375774078459168}]",0.38028016309483853
f.lux,justgetflux.com,https://justgetflux.com/,2014-01-07 00:54:05,11.49,3220,44,1,contact@justgetflux.com,1,https://ke.linkedin.com/company/flux-earth,2760.0,Environmental Services,0.0222222222222222,31.0,KE,0.0222222222222222,,Nairobi,0.2790827083693996,0.4959781212633157,0,"[{""feature"": ""industry_freq"", ""value"": 0.0222222222222222, ""impact"": -0.01873386221017831}, {""feature"": ""hq_country_freq"", ""value"": 0.0222222222222222, ""impact"": -0.013750985416683964}, {""feature"": ""email_valid"", ""value"": 1.0, ""impact"": 0.017019260479396003}, {""feature"": ""linkedin_enriched"", ""value"": 1.0, ""impact"": 0.000335473200539127}, {""feature"": ""votes_count"", ""value"": 3220.0, ""impact"": 0.014368743662150034}, {""feature"": ""reviews_count"", ""value"": 44.0, ""impact"": 0.03879370236876033}, {""feature"": ""linkedin_follower_count"", ""value"": 2760.0, ""impact"": -0.0132303780655396}, {""feature"": ""employees"", ""value"": 31.0, ""impact"": -0.007043040060832734}, {""feature"": ""domain_age"", ""value"": 11.49, ""impact"": 0.026086157275130972}, {""feature"": ""founded_recently"", ""value"": 0.0, ""impact"": 0.007685254543159519}]",0.4986513448434759
Bubble,bubble.io,https://bubble.io/,2015-10-05 11:54:13,9.75,3154,65,1,contact@bubble.io,1,https://www.linkedin.com/company/bubble-facecare,31314.0,Manufacturing,0.0222222222222222,31.0,US,0.4444444444444444,NY,New York,0.2957994325663275,0.5277399293430654,0,"[{""feature"": ""industry_freq"", ""value"": 0.0222222222222222, ""impact"": -0.018430704627017905}, {""feature"": ""hq_country_freq"", ""value"": 0.4444444444444444, ""impact"": 0.008925668605661486}, {""feature"": ""email_valid"", ""value"": 1.0, ""impact"": 0.015402733959490433}, {""feature"": ""linkedin_enriched"", ""value"": 1.0, ""impact"": 0.00032515532705777636}, {""feature"": ""votes_count"", ""value"": 3154.0, ""impact"": 0.018085979475856422}, {""feature"": ""reviews_count"", ""value"": 65.0, ""impact"": 0.06057283254469641}, {""feature"": ""linkedin_follower_count"", ""value"": 31314.0, ""impact"": 0.0010846509166488735}, {""feature"": ""employees"", ""value"": 31.0, ""impact"": -0.006209080213173164}, {""feature"": ""domain_age"", ""value"": 9.75, ""impact"": 0.012903647546934533}, {""feature"": ""founded_recently"", ""value"": 0.0, ""impact"": 0.007296300663761536}]",0.5470782081396905
Prisma,prisma-ai.com,https://prisma-ai.com/,2016-06-17 14:09:43,9.05,3150,27,1,contact@prisma-ai.com,1,https://www.linkedin.com/company/prisma-health,78819.0,Hospitals and Health Care,0.0222222222222222,10000.0,US,0.4444444444444444,South Carolina,Greenville,0.3849086998001904,0.6970477082277107,0,"[{""feature"": ""industry_freq"", ""value"": 0.0222222222222222, ""impact"": -0.026030380029260412}, {""feature"": ""hq_country_freq"", ""value"": 0.4444444444444444, ""impact"": 0.009062024665763602}, {""feature"": ""email_valid"", ""value"": 1.0, ""impact"": 0.01703915306085643}, {""feature"": ""linkedin_enriched"", ""value"": 1.0, ""impact"": 0.0003112005622824654}, {""feature"": ""votes_count"", ""value"": 3150.0, ""impact"": 0.015917555171876707}, {""feature"": ""reviews_count"", ""value"": 27.0, ""impact"": 0.00861975589812371}, {""feature"": ""linkedin_follower_count"", ""value"": 78819.0, ""impact"": 0.07662882072521218}, {""feature"": ""employees"", ""value"": 10000.0, ""impact"": 0.06922261438545926}, {""feature"": ""domain_age"", ""value"": 9.05, ""impact"": 0.019083483261541308}, {""feature"": ""founded_recently"", ""value"": 0.0, ""impact"": 0.006153767341877231}]",0.6431290035180016
Tabl 1.0,tablbrowser.com,https://tablbrowser.com/,2025-06-30 07:01:00,0.01,687,0,0,,1,https://jp.linkedin.com/company/undeskhq?trk=ppro_cprof,72.0,Software Development,0.5333333333333333,6.0,,0.2666666666666666,,,0.1281077009792798,0.2091253172644915,1,"[{""feature"": ""industry_freq"", ""value"": 0.5333333333333333, ""impact"": 0.021792466493692094}, {""feature"": ""hq_country_freq"", ""value"": 0.2666666666666666, ""impact"": -0.0024604431758537735}, {""feature"": ""email_valid"", ""value"": 0.0, ""impact"": -0.0992495813151537}, {""feature"": ""linkedin_enriched"", ""value"": 1.0, ""impact"": 0.0005345318573138987}, {""feature"": ""votes_count"", ""value"": 687.0, ""impact"": -0.03201402904790787}, {""feature"": ""reviews_count"", ""value"": 0.0, ""impact"": -0.06094632438681502}, {""feature"": ""linkedin_follower_count"", ""value"": 72.0, ""impact"": -0.0322503570388815}, {""feature"": ""employees"", ""value"": 6.0, ""impact"": -0.005360302453643979}, {""feature"": ""domain_age"", ""value"": 0.01, ""impact"": -0.018984798819615713}, {""feature"": ""founded_recently"", ""value"": 1.0, ""impact"": -0.005522164260845683}]",0.2126600210910717
Cursor Agents: Browsers & Mobile,authenticator.cursor.sh,https://authenticator.cursor.sh/,2025-07-01 07:01:00,0.01,628,0,0,,1,https://www.linkedin.com/company/strawberry-browser,2276.0,Software Development,0.5333333333333333,6.0,,0.2666666666666666,,,0.1268349881647783,0.2067071604726086,1,"[{""feature"": ""industry_freq"", ""value"": 0.5333333333333333, ""impact"": 0.02129508736899071}, {""feature"": ""hq_country_freq"", ""value"": 0.2666666666666666, ""impact"": -0.00240601623607088}, {""feature"": ""email_valid"", ""value"": 0.0, ""impact"": -0.09770392927392903}, {""feature"": ""linkedin_enriched"", ""value"": 1.0, ""impact"": 0.0005265611589291236}, {""feature"": ""votes_count"", ""value"": 628.0, ""impact"": -0.03209200531281466}, {""feature"": ""reviews_count"", ""value"": 0.0, ""impact"": -0.059318541715361384}, {""feature"": ""linkedin_follower_count"", ""value"": 2276.0, ""impact"": -0.029387992276234502}, {""feature"": ""employees"", ""value"": 6.0, ""impact"": -0.005879968690229968}, {""feature"": ""domain_age"", ""value"": 0.01, ""impact"": -0.018685230069968382}, {""feature"": ""founded_recently"", ""value"": 1.0, ""impact"": -0.005338716607366223}]",0.21813027249945696
Pokecut,pokecut.com,https://www.pokecut.com/,2025-06-30 07:01:00,0.01,484,0,1,contact@pokecut.com,1,https://ca.linkedin.com/company/process-design-institute,10.0,Business Consulting and Services,0.0222222222222222,6.0,CA,0.0666666666666666,,Toronto,0.1625579778444005,0.2745809094722811,1,"[{""feature"": ""industry_freq"", ""value"": 0.0222222222222222, ""impact"": -0.036656580328942964}, {""feature"": ""hq_country_freq"", ""value"": 0.0666666666666666, ""impact"": -0.008913280548747732}, {""feature"": ""email_valid"", ""value"": 1.0, ""impact"": 0.029207740624810363}, {""feature"": ""linkedin_enriched"", ""value"": 1.0, ""impact"": 0.0005240139082565697}, {""feature"": ""votes_count"", ""value"": 484.0, ""impact"": -0.03002555223219032}, {""feature"": ""reviews_count"", ""value"": 0.0, ""impact"": -0.05691942348866077}, {""feature"": ""linkedin_follower_count"", ""value"": 10.0, ""impact"": -0.029801061076674764}, {""feature"": ""employees"", ""value"": 6.0, ""impact"": -0.005373870870001459}, {""feature"": ""domain_age"", ""value"": 0.01, ""impact"": -0.014721393189231297}, {""feature"": ""founded_recently"", ""value"": 1.0, ""impact"": -0.005481557603020014}]",0.2889600586708972
Dynamic Mockups,dynamicmockups.com,https://dynamicmockups.com/,2025-07-01 07:01:00,0.01,444,0,1,contact@dynamicmockups.com,1,https://www.linkedin.com/company/dynamic-mockups,268.0,Software Development,0.5333333333333333,6.0,,0.2666666666666666,,,0.2227965927298343,0.389034393446893,1,"[{""feature"": ""industry_freq"", ""value"": 0.5333333333333333, ""impact"": 0.024538920270990475}, {""feature"": ""hq_country_freq"", ""value"": 0.2666666666666666, ""impact"": 0.0009837206322117708}, {""feature"": ""email_valid"", ""value"": 1.0, ""impact"": 0.03299309291372386}, {""feature"": ""linkedin_enriched"", ""value"": 1.0, ""impact"": 0.000513939682342526}, {""feature"": ""votes_count"", ""value"": 444.0, ""impact"": -0.02442137712480164}, {""feature"": ""reviews_count"", ""value"": 0.0, ""impact"": -0.05063422525078446}, {""feature"": ""linkedin_follower_count"", ""value"": 268.0, ""impact"": -0.02143322166068376}, {""feature"": ""employees"", ""value"": 6.0, ""impact"": -0.0056070252016070295}, {""feature"": ""domain_age"", ""value"": 0.01, ""impact"": -0.01329210519260313}, {""feature"": ""founded_recently"", ""value"": 1.0, ""impact"": -0.005144150638079737}]",0.3856185936331821
Rybbit,rybbit.io,https://www.rybbit.io/,2025-07-01 07:01:00,0.01,420,0,1,contact@rybbit.io,1,https://www.linkedin.com/company/tomato-gg,14.0,Computer Games,0.0222222222222222,6.0,,0.2666666666666666,,,0.1711587960933633,0.2909224806637569,1,"[{""feature"": ""industry_freq"", ""value"": 0.0222222222222222, ""impact"": -0.03873433770176133}, {""feature"": ""hq_country_freq"", ""value"": 0.2666666666666666, ""impact"": 0.0006690795150158616}, {""feature"": ""email_valid"", ""value"": 1.0, ""impact"": 0.03223561968415096}, {""feature"": ""linkedin_enriched"", ""value"": 1.0, ""impact"": 0.0005303812517215395}, {""feature"": ""votes_count"", ""value"": 420.0, ""impact"": -0.028381254452849843}, {""feature"": ""reviews_count"", ""value"": 0.0, ""impact"": -0.056814544311136056}, {""feature"": ""linkedin_follower_count"", ""value"": 14.0, ""impact"": -0.02778640278314318}, {""feature"": ""employees"", ""value"": 6.0, ""impact"": -0.005136175198761824}, {""feature"": ""domain_age"", ""value"": 0.01, ""impact"": -0.015045192457910162}, {""feature"": ""founded_recently"", ""value"": 1.0, ""impact"": -0.0060784446969693005}]",0.3025797520754211
Jotform Presentation Agents,jotform.com,https://www.jotform.com/ai/presentation-agent/,2025-06-30 07:01:00,0.01,409,0,1,contact@jotform.com,1,https://www.linkedin.com/company/jotform,222542.0,Software Development,0.5333333333333333,750.0,US,0.4444444444444444,California,San Francisco,0.2400943061251664,0.4219000821194393,1,"[{""feature"": ""industry_freq"", ""value"": 0.5333333333333333, ""impact"": 0.027206720775939174}, {""feature"": ""hq_country_freq"", ""value"": 0.4444444444444444, ""impact"": 0.008524368504731683}, {""feature"": ""email_valid"", ""value"": 1.0, ""impact"": 0.027510641420020774}, {""feature"": ""linkedin_enriched"", ""value"": 1.0, ""impact"": 0.0004095256044011977}, {""feature"": ""votes_count"", ""value"": 409.0, ""impact"": -0.020616625879402918}, {""feature"": ""reviews_count"", ""value"": 0.0, ""impact"": -0.04398544621201129}, {""feature"": ""linkedin_follower_count"", ""value"": 222542.0, ""impact"": 0.09610430292345376}, {""feature"": ""employees"", ""value"": 750.0, ""impact"": -0.007257136995435252}, {""feature"": ""domain_age"", ""value"": 0.01, ""impact"": -0.01362800612971316}, {""feature"": ""founded_recently"", ""value"": 1.0, ""impact"": -0.003097129441933551}]",0.5182922411917992
Picsart Ignite 2.0: AI for Creators,picsart.com,https://picsart.com/ignite/,2025-06-30 07:01:00,0.01,371,0,1,contact@picsart.com,1,https://www.linkedin.com/company/picsart,62287.0,Software Development,0.5333333333333333,750.0,US,0.4444444444444444,Florida,Miami,0.2380138676698854,0.4179472450587842,1,"[{""feature"": ""industry_freq"", ""value"": 0.5333333333333333, ""impact"": 0.025294737079255152}, {""feature"": ""hq_country_freq"", ""value"": 0.4444444444444444, ""impact"": 0.008868826730597195}, {""feature"": ""email_valid"", ""value"": 1.0, ""impact"": 0.028858883119796196}, {""feature"": ""linkedin_enriched"", ""value"": 1.0, ""impact"": 0.0004354649126374473}, {""feature"": ""votes_count"", ""value"": 371.0, ""impact"": -0.023604229612667244}, {""feature"": ""reviews_count"", ""value"": 0.0, ""impact"": -0.046369707028821316}, {""feature"": ""linkedin_follower_count"", ""value"": 62287.0, ""impact"": 0.026710439841230657}, {""feature"": ""employees"", ""value"": 750.0, ""impact"": -0.007195859394818803}, {""feature"": ""domain_age"", ""value"": 0.01, ""impact"": -0.014136885361060397}, {""feature"": ""founded_recently"", ""value"": 1.0, ""impact"": -0.004141289774270263}]",0.4418414063083434
Handit.ai,handit.ai,https://www.handit.ai/,2025-07-01 07:01:00,0.01,309,0,1,contact@handit.ai,1,https://www.linkedin.com/company/handit-ai,254.0,Software Development,0.5333333333333333,6.0,,0.2666666666666666,,,0.2198450187578961,0.3834263972315153,1,"[{""feature"": ""industry_freq"", ""value"": 0.5333333333333333, ""impact"": 0.02460723418076264}, {""feature"": ""hq_country_freq"", ""value"": 0.2666666666666666, ""impact"": 0.0009281462418989072}, {""feature"": ""email_valid"", ""value"": 1.0, ""impact"": 0.03302583960467018}, {""feature"": ""linkedin_enriched"", ""value"": 1.0, ""impact"": 0.000513939682342526}, {""feature"": ""votes_count"", ""value"": 309.0, ""impact"": -0.02562816002739257}, {""feature"": ""reviews_count"", ""value"": 0.0, ""impact"": -0.05095623763158478}, {""feature"": ""linkedin_follower_count"", ""value"": 254.0, ""impact"": -0.020677268739867336}, {""feature"": ""employees"", ""value"": 6.0, ""impact"": -0.005613217242029754}, {""feature"": ""domain_age"", ""value"": 0.01, ""impact"": -0.013277108795915007}, {""feature"": ""founded_recently"", ""value"": 1.0, ""impact"": -0.005138125197683823}]",0.38490606789206516
Well Extract,extract.wellapp.ai,https://extract.wellapp.ai/,2025-07-01 07:01:00,0.01,294,0,0,,1,https://www.linkedin.com/company/well-assembled-meetings,88.0,Events Services,0.0222222222222222,6.0,US,0.4444444444444444,Oregon,Lake Oswego,0.0772935615473993,0.1125783547519662,1,"[{""feature"": ""industry_freq"", ""value"": 0.0222222222222222, ""impact"": -0.033596627946179874}, {""feature"": ""hq_country_freq"", ""value"": 0.4444444444444444, ""impact"": 0.005276767348793025}, {""feature"": ""email_valid"", ""value"": 0.0, ""impact"": -0.0995265717354616}, {""feature"": ""linkedin_enriched"", ""value"": 1.0, ""impact"": 0.0006402970957828479}, {""feature"": ""votes_count"", ""value"": 294.0, ""impact"": -0.048581057391937875}, {""feature"": ""reviews_count"", ""value"": 0.0, ""impact"": -0.06574720313284262}, {""feature"": ""linkedin_follower_count"", ""value"": 88.0, ""impact"": -0.03398541126540901}, {""feature"": ""employees"", ""value"": 6.0, ""impact"": -0.00421609459048745}, {""feature"": ""domain_age"", ""value"": 0.01, ""impact"": -0.022265107300417083}, {""feature"": ""founded_recently"", ""value"": 1.0, ""impact"": -0.006099949453912106}]",0.13902006759297433
co.dev MCP,co.dev,https://www.co.dev/,2025-07-01 07:01:00,0.01,285,0,1,contact@co.dev,1,https://www.linkedin.com/company/microsoft,25647863.0,Software Development,0.5333333333333333,10000.0,US,0.4444444444444444,Washington,Redmond,0.528157217120925,0.9692201662554624,1,"[{""feature"": ""industry_freq"", ""value"": 0.5333333333333333, ""impact"": 0.025407575368646778}, {""feature"": ""hq_country_freq"", ""value"": 0.4444444444444444, ""impact"": 0.009503681665066526}, {""feature"": ""email_valid"", ""value"": 1.0, ""impact"": 0.024858895036029734}, {""feature"": ""linkedin_enriched"", ""value"": 1.0, ""impact"": 0.0003598420276021999}, {""feature"": ""votes_count"", ""value"": 285.0, ""impact"": -0.020127070782594576}, {""feature"": ""reviews_count"", ""value"": 0.0, ""impact"": -0.030450455537356903}, {""feature"": ""linkedin_follower_count"", ""value"": 25647863.0, ""impact"": 0.20858830197264777}, {""feature"": ""employees"", ""value"": 10000.0, ""impact"": 0.09872594589420866}, {""feature"": ""domain_age"", ""value"": 0.01, ""impact"": -0.007724857627343025}, {""feature"": ""founded_recently"", ""value"": 1.0, ""impact"": -0.0029543700749248576}]",0.7533085294271396
Foxylingo,apps.apple.com,https://apps.apple.com/us/app/foxylingo/id6737562838,2025-06-30 07:01:00,0.01,266,0,0,,0,,0.0,Unknown,0.0222222222222222,31.0,,0.2666666666666666,,,0.0180418557815554,0.0,1,"[{""feature"": ""industry_freq"", ""value"": 0.0222222222222222, ""impact"": -0.036499377454149204}, {""feature"": ""hq_country_freq"", ""value"": 0.2666666666666666, ""impact"": -0.0040399129700543}, {""feature"": ""email_valid"", ""value"": 0.0, ""impact"": -0.1095560028739985}, {""feature"": ""linkedin_enriched"", ""value"": 0.0, ""impact"": -0.019204752484478782}, {""feature"": ""votes_count"", ""value"": 266.0, ""impact"": -0.05280059228833933}, {""feature"": ""reviews_count"", ""value"": 0.0, ""impact"": -0.06960070243545083}, {""feature"": ""linkedin_follower_count"", ""value"": 0.0, ""impact"": -0.058073054890863}, {""feature"": ""employees"", ""value"": 31.0, ""impact"": -0.011427531075201437}, {""feature"": ""domain_age"", ""value"": 0.01, ""impact"": -0.021034349882393145}, {""feature"": ""founded_recently"", ""value"": 1.0, ""impact"": -0.0056111604520184405}]",0.059273589946983736
Lunacal,lunacal.ai,https://lunacal.ai/,2025-07-01 07:01:00,0.01,247,0,1,contact@lunacal.ai,1,https://www.linkedin.com/company/lunacal,200.0,Software Development,0.5333333333333333,31.0,,0.2666666666666666,,,0.2187391351344226,0.3813252162229922,1,"[{""feature"": ""industry_freq"", ""value"": 0.5333333333333333, ""impact"": 0.024581632489490503}, {""feature"": ""hq_country_freq"", ""value"": 0.2666666666666666, ""impact"": 0.0005208889028937039}, {""feature"": ""email_valid"", ""value"": 1.0, ""impact"": 0.034198583478185655}, {""feature"": ""linkedin_enriched"", ""value"": 1.0, ""impact"": 0.0005183766754473456}, {""feature"": ""votes_count"", ""value"": 247.0, ""impact"": -0.028596216020620582}, {""feature"": ""reviews_count"", ""value"": 0.0, ""impact"": -0.050329439081219285}, {""feature"": ""linkedin_follower_count"", ""value"": 200.0, ""impact"": -0.022244537295207718}, {""feature"": ""employees"", ""value"": 31.0, ""impact"": -0.007801485293344336}, {""feature"": ""domain_age"", ""value"": 0.01, ""impact"": -0.012781118123611022}, {""feature"": ""founded_recently"", ""value"": 1.0, ""impact"": -0.005280474839997219}]",0.37990723645498486
Folderly AI,generate.folderly.com,https://generate.folderly.com/,2025-07-01 07:01:00,0.01,242,0,0,,1,https://uk.linkedin.com/company/folderly,2266.0,Software Development,0.5333333333333333,125.0,US,0.4444444444444444,Delaware,Dover,0.1284749150255837,0.2098230246577282,1,"[{""feature"": ""industry_freq"", ""value"": 0.5333333333333333, ""impact"": 0.023407687008633122}, {""feature"": ""hq_country_freq"", ""value"": 0.4444444444444444, ""impact"": 0.005776802320421363}, {""feature"": ""email_valid"", ""value"": 0.0, ""impact"": -0.10403918265365064}, {""feature"": ""linkedin_enriched"", ""value"": 1.0, ""impact"": 0.0005711793446809882}, {""feature"": ""votes_count"", ""value"": 242.0, ""impact"": -0.045129602478765365}, {""feature"": ""reviews_count"", ""value"": 0.0, ""impact"": -0.058856872580913155}, {""feature"": ""linkedin_follower_count"", ""value"": 2266.0, ""impact"": -0.029377225242771803}, {""feature"": ""employees"", ""value"": 125.0, ""impact"": -0.007537874380634296}, {""feature"": ""domain_age"", ""value"": 0.01, ""impact"": -0.02057375109240335}, {""feature"": ""founded_recently"", ""value"": 1.0, ""impact"": -0.005102578486872113}]",0.2062596058108802
Minicule,minicule.com,https://minicule.com/,2025-07-01 07:01:00,0.01,220,0,1,contact@minicule.com,1,https://www.linkedin.com/company/minicule,16.0,Software Development,0.5333333333333333,6.0,CA,0.0666666666666666,ONTARIO,Ottawa,0.2078973823543165,0.3607258651184796,1,"[{""feature"": ""industry_freq"", ""value"": 0.5333333333333333, ""impact"": 0.023869142146900738}, {""feature"": ""hq_country_freq"", ""value"": 0.0666666666666666, ""impact"": -0.009889287507232641}, {""feature"": ""email_valid"", ""value"": 1.0, ""impact"": 0.032802616723994205}, {""feature"": ""linkedin_enriched"", ""value"": 1.0, ""impact"": 0.0005344046593462634}, {""feature"": ""votes_count"", ""value"": 220.0, ""impact"": -0.028374139898207633}, {""feature"": ""reviews_count"", ""value"": 0.0, ""impact"": -0.05178622577400852}, {""feature"": ""linkedin_follower_count"", ""value"": 16.0, ""impact"": -0.02501122587450987}, {""feature"": ""employees"", ""value"": 6.0, ""impact"": -0.005164632907245606}, {""feature"": ""domain_age"", ""value"": 0.01, ""impact"": -0.013012205741930908}, {""feature"": ""founded_recently"", ""value"": 1.0, ""impact"": -0.005245035770672581}]",0.36584443745745765
Dory,apps.apple.com,https://apps.apple.com/us/app/dory-app-switcher/id6746273626,2025-06-30 07:01:00,0.01,217,0,0,,1,https://www.linkedin.com/company/dory-foundation,375.0,Non-profit Organizations,0.0222222222222222,6.0,,0.2666666666666666,,,0.0667234825900215,0.092495184432405,1,"[{""feature"": ""industry_freq"", ""value"": 0.0222222222222222, ""impact"": -0.03408999971062359}, {""feature"": ""hq_country_freq"", ""value"": 0.2666666666666666, ""impact"": -0.003726641690203299}, {""feature"": ""email_valid"", ""value"": 0.0, ""impact"": -0.10280936919783319}, {""feature"": ""linkedin_enriched"", ""value"": 1.0, ""impact"": 0.0006439957897075349}, {""feature"": ""votes_count"", ""value"": 217.0, ""impact"": -0.05269122686990563}, {""feature"": ""reviews_count"", ""value"": 0.0, ""impact"": -0.06527069102545889}, {""feature"": ""linkedin_follower_count"", ""value"": 375.0, ""impact"": -0.02910524083676541}, {""feature"": ""employees"", ""value"": 6.0, ""impact"": -0.004551885968733889}, {""feature"": ""domain_age"", ""value"": 0.01, ""impact"": -0.02205020386738599}, {""feature"": ""founded_recently"", ""value"": 1.0, ""impact"": -0.00630180396336881}]",0.12716795922276003
Fabi.ai Workflows,fabi.ai,https://www.fabi.ai/,2025-06-30 07:01:00,0.01,200,0,1,contact@fabi.ai,1,https://www.linkedin.com/company/fabi-ai,2221.0,Software Development,0.5333333333333333,6.0,US,0.4444444444444444,CA,San Francisco,0.2263662116135944,0.395816676181729,1,"[{""feature"": ""industry_freq"", ""value"": 0.5333333333333333, ""impact"": 0.0246912526697593}, {""feature"": ""hq_country_freq"", ""value"": 0.4444444444444444, ""impact"": 0.007970297514273424}, {""feature"": ""email_valid"", ""value"": 1.0, ""impact"": 0.03286899619593492}, {""feature"": ""linkedin_enriched"", ""value"": 1.0, ""impact"": 0.0005125257959460012}, {""feature"": ""votes_count"", ""value"": 200.0, ""impact"": -0.031042254743078958}, {""feature"": ""reviews_count"", ""value"": 0.0, ""impact"": -0.05085360028266829}, {""feature"": ""linkedin_follower_count"", ""value"": 2221.0, ""impact"": -0.0247518278491043}, {""feature"": ""employees"", ""value"": 6.0, ""impact"": -0.005549249363523106}, {""feature"": ""domain_age"", ""value"": 0.01, ""impact"": -0.013021989939604989}, {""feature"": ""founded_recently"", ""value"": 1.0, ""impact"": -0.004945064399443153}]",0.38300011214938484
DemoDazzle,demodazzle.com,https://demodazzle.com/,2025-06-30 07:01:00,0.01,200,0,1,contact@demodazzle.com,1,https://no.linkedin.com/company/agami-technologies,3195.0,IT Services and IT Consulting,0.0444444444444444,5000.0,US,0.4444444444444444,Illinois,Naperville,0.227429912398849,0.3978377097166212,1,"[{""feature"": ""industry_freq"", ""value"": 0.0444444444444444, ""impact"": 0.0023808678190915897}, {""feature"": ""hq_country_freq"", ""value"": 0.4444444444444444, ""impact"": 0.008382051087796247}, {""feature"": ""email_valid"", ""value"": 1.0, ""impact"": 0.03411304873944674}, {""feature"": ""linkedin_enriched"", ""value"": 1.0, ""impact"": 0.00046497722214553503}, {""feature"": ""votes_count"", ""value"": 200.0, ""impact"": -0.03337826585217651}, {""feature"": ""reviews_count"", ""value"": 0.0, ""impact"": -0.04988926961668767}, {""feature"": ""linkedin_follower_count"", ""value"": 3195.0, ""impact"": -0.010492785634091383}, {""feature"": ""employees"", ""value"": 5000.0, ""impact"": -0.0017308444894701502}, {""feature"": ""domain_age"", ""value"": 0.01, ""impact"": -0.013057720849044725}, {""feature"": ""founded_recently"", ""value"": 1.0, ""impact"": -0.004449975767703209}]",0.3794631069817699
Mindly ,mindly-ai.com,https://www.mindly-ai.com/,2025-07-01 07:01:00,0.01,196,0,1,contact@mindly-ai.com,1,https://ee.linkedin.com/company/mindlyspace,1110.0,Mental Health Care,0.0222222222222222,1000.0,EE,0.0222222222222222,Harju County,Tallinn,0.1639888691920423,0.2772996057809231,1,"[{""feature"": ""industry_freq"", ""value"": 0.0222222222222222, ""impact"": -0.03734570443670641}, {""feature"": ""hq_country_freq"", ""value"": 0.0222222222222222, ""impact"": -0.012123804977697243}, {""feature"": ""email_valid"", ""value"": 1.0, ""impact"": 0.030542001114938305}, {""feature"": ""linkedin_enriched"", ""value"": 1.0, ""impact"": 0.000517378794029355}, {""feature"": ""votes_count"", ""value"": 196.0, ""impact"": -0.03905650902912991}, {""feature"": ""reviews_count"", ""value"": 0.0, ""impact"": -0.056795660893193496}, {""feature"": ""linkedin_follower_count"", ""value"": 1110.0, ""impact"": -0.02099470886848091}, {""feature"": ""employees"", ""value"": 1000.0, ""impact"": -0.007915086713668036}, {""feature"": ""domain_age"", ""value"": 0.01, ""impact"": -0.01608777268330515}, {""feature"": ""founded_recently"", ""value"": 1.0, ""impact"": -0.005917810837046192}]",0.28194334645521857
Retainr.io,retainr.io,https://www.retainr.io/,2025-06-30 07:01:00,0.01,176,0,1,contact@retainr.io,1,https://www.linkedin.com/company/fondohq,8164.0,Software Development,0.5333333333333333,125.0,US,0.4444444444444444,,San Francisco,0.2270779688142791,0.3971690162300072,1,"[{""feature"": ""industry_freq"", ""value"": 0.5333333333333333, ""impact"": 0.023810159792790525}, {""feature"": ""hq_country_freq"", ""value"": 0.4444444444444444, ""impact"": 0.008652235058091012}, {""feature"": ""email_valid"", ""value"": 1.0, ""impact"": 0.030624335800530388}, {""feature"": ""linkedin_enriched"", ""value"": 1.0, ""impact"": 0.0004600674140318814}, {""feature"": ""votes_count"", ""value"": 176.0, ""impact"": -0.0325506753555803}, {""feature"": ""reviews_count"", ""value"": 0.0, ""impact"": -0.04917710133175003}, {""feature"": ""linkedin_follower_count"", ""value"": 8164.0, ""impact"": -0.011807039619290865}, {""feature"": ""employees"", ""value"": 125.0, ""impact"": -0.006897042105103739}, {""feature"": ""domain_age"", ""value"": 0.01, ""impact"": -0.01435404555813875}, {""feature"": ""founded_recently"", ""value"": 1.0, ""impact"": -0.004143112964488359}]",0.39173880730673893
Bolt Connect,bolt.com,https://www.bolt.com/connect,2025-06-30 07:01:00,0.01,166,0,1,contact@bolt.com,1,https://www.linkedin.com/company/bolt-com,66941.0,Software Development,0.5333333333333333,125.0,US,0.4444444444444444,California,San Francisco,0.2273176801728415,0.3976244682716574,1,"[{""feature"": ""industry_freq"", ""value"": 0.5333333333333333, ""impact"": 0.024866116704571242}, {""feature"": ""hq_country_freq"", ""value"": 0.4444444444444444, ""impact"": 0.009450461955889802}, {""feature"": ""email_valid"", ""value"": 1.0, ""impact"": 0.029413480936717758}, {""feature"": ""linkedin_enriched"", ""value"": 1.0, ""impact"": 0.00043564194800435667}, {""feature"": ""votes_count"", ""value"": 166.0, ""impact"": -0.032401163740804706}, {""feature"": ""reviews_count"", ""value"": 0.0, ""impact"": -0.04704713767472034}, {""feature"": ""linkedin_follower_count"", ""value"": 66941.0, ""impact"": 0.025265191462838427}, {""feature"": ""employees"", ""value"": 125.0, ""impact"": -0.006846464609326277}, {""feature"": ""domain_age"", ""value"": 0.01, ""impact"": -0.01420871322592979}, {""feature"": ""founded_recently"", ""value"": 1.0, ""impact"": -0.004175408194876379}]",0.43187303178857633
Byterover,byterover.dev,https://byterover.dev/,2025-06-29 07:01:00,0.01,595,0,1,contact@byterover.dev,1,https://www.linkedin.com/company/1manbiz,8.0,Software Development,0.5333333333333333,6.0,,0.2666666666666666,,,0.2260958333071999,0.3953029568802998,1,"[{""feature"": ""industry_freq"", ""value"": 0.5333333333333333, ""impact"": 0.024540332121008153}, {""feature"": ""hq_country_freq"", ""value"": 0.2666666666666666, ""impact"": 0.0005296308341914684}, {""feature"": ""email_valid"", ""value"": 1.0, ""impact"": 0.031865348446363996}, {""feature"": ""linkedin_enriched"", ""value"": 1.0, ""impact"": 0.000514271227358323}, {""feature"": ""votes_count"", ""value"": 595.0, ""impact"": -0.0242991040404983}, {""feature"": ""reviews_count"", ""value"": 0.0, ""impact"": -0.05110433909204504}, {""feature"": ""linkedin_follower_count"", ""value"": 8.0, ""impact"": -0.02918748594383942}, {""feature"": ""employees"", ""value"": 6.0, ""impact"": -0.00529258384768683}, {""feature"": ""domain_age"", ""value"": 0.01, ""impact"": -0.011754530325965283}, {""feature"": ""founded_recently"", ""value"": 1.0, ""impact"": -0.004563605932182529}]",0.37836895889604893
MyLens.ai,mylens.ai,https://mylens.ai/,2025-06-29 07:01:00,0.01,572,0,1,contact@mylens.ai,1,https://www.linkedin.com/company/mylens-ai,183.0,Software Development,0.5333333333333333,1.0,,0.2666666666666666,,,0.2255443507915202,0.3942551390413493,1,"[{""feature"": ""industry_freq"", ""value"": 0.5333333333333333, ""impact"": 0.02399623930897279}, {""feature"": ""hq_country_freq"", ""value"": 0.2666666666666666, ""impact"": 0.0005121798618347384}, {""feature"": ""email_valid"", ""value"": 1.0, ""impact"": 0.03130355249676439}, {""feature"": ""linkedin_enriched"", ""value"": 1.0, ""impact"": 0.0004953776479750458}, {""feature"": ""votes_count"", ""value"": 572.0, ""impact"": -0.024226660892195974}, {""feature"": ""reviews_count"", ""value"": 0.0, ""impact"": -0.05145173033476264}, {""feature"": ""linkedin_follower_count"", ""value"": 183.0, ""impact"": -0.024093589316342128}, {""feature"": ""employees"", ""value"": 1.0, ""impact"": -0.005779754109890847}, {""feature"": ""domain_age"", ""value"": 0.01, ""impact"": -0.012883870499596621}, {""feature"": ""founded_recently"", ""value"": 1.0, ""impact"": -0.004701703993163796}]",0.380291065231345
Oboe,oboeapp.com,https://www.oboeapp.com/,2025-06-29 07:01:00,0.01,301,0,1,contact@oboeapp.com,1,https://www.linkedin.com/company/oboelabs,1037.0,Software Development,0.5333333333333333,6.0,US,0.4444444444444444,NY,New York City,0.2285651118007982,0.3999945907605511,1,"[{""feature"": ""industry_freq"", ""value"": 0.5333333333333333, ""impact"": 0.025099531896477047}, {""feature"": ""hq_country_freq"", ""value"": 0.4444444444444444, ""impact"": 0.007468656468780763}, {""feature"": ""email_valid"", ""value"": 1.0, ""impact"": 0.0330105480110635}, {""feature"": ""linkedin_enriched"", ""value"": 1.0, ""impact"": 0.0005083707730389304}, {""feature"": ""votes_count"", ""value"": 301.0, ""impact"": -0.02622386360405168}, {""feature"": ""reviews_count"", ""value"": 0.0, ""impact"": -0.05079403221494027}, {""feature"": ""linkedin_follower_count"", ""value"": 1037.0, ""impact"": -0.021545425353300136}, {""feature"": ""employees"", ""value"": 6.0, ""impact"": -0.005582315539908854}, {""feature"": ""domain_age"", ""value"": 0.01, ""impact"": -0.01428071140463645}, {""feature"": ""founded_recently"", ""value"": 1.0, ""impact"": -0.005004162199555948}]",0.389777623498386
Neura,neura-app.com,https://neura-app.com/,2025-06-29 07:01:00,0.01,291,0,1,contact@neura-app.com,1,https://www.linkedin.com/company/neura-robotics/,48780.0,Automation Machinery Manufacturing,0.0222222222222222,750.0,DE,0.0222222222222222,Deutschland,Metzingen,0.1639373027553157,0.2772016294521058,1,"[{""feature"": ""industry_freq"", ""value"": 0.0222222222222222, ""impact"": -0.03604590821600545}, {""feature"": ""hq_country_freq"", ""value"": 0.0222222222222222, ""impact"": -0.013001738986996416}, {""feature"": ""email_valid"", ""value"": 1.0, ""impact"": 0.02615112128874494}, {""feature"": ""linkedin_enriched"", ""value"": 1.0, ""impact"": 0.0004668040973936311}, {""feature"": ""votes_count"", ""value"": 291.0, ""impact"": -0.03474830088040714}, {""feature"": ""reviews_count"", ""value"": 0.0, ""impact"": -0.053946788503283945}, {""feature"": ""linkedin_follower_count"", ""value"": 48780.0, ""impact"": 0.007726455797172902}, {""feature"": ""employees"", ""value"": 750.0, ""impact"": -0.007733032985884671}, {""feature"": ""domain_age"", ""value"": 0.01, ""impact"": -0.01568144531225294}, {""feature"": ""founded_recently"", ""value"": 1.0, ""impact"": -0.005041397852053504}]",0.315266791480342
Leavoo,leavoo.com,https://www.leavoo.com/,2025-06-29 07:01:00,0.01,275,0,1,contact@leavoo.com,1,https://ru.linkedin.com/company/hit-pay?trk=similar-pages_result-card_full-click,8163.0,Financial Services,0.0222222222222222,31.0,SG,0.0222222222222222,Singapore,Singapore,0.1560800523055048,0.2622728385070901,1,"[{""feature"": ""industry_freq"", ""value"": 0.0222222222222222, ""impact"": -0.035108439731993714}, {""feature"": ""hq_country_freq"", ""value"": 0.0222222222222222, ""impact"": -0.013192128106877338}, {""feature"": ""email_valid"", ""value"": 1.0, ""impact"": 0.027241401175787258}, {""feature"": ""linkedin_enriched"", ""value"": 1.0, ""impact"": 0.0004668040973936311}, {""feature"": ""votes_count"", ""value"": 275.0, ""impact"": -0.03789842041911066}, {""feature"": ""reviews_count"", ""value"": 0.0, ""impact"": -0.05578406975740412}, {""feature"": ""linkedin_follower_count"", ""value"": 8163.0, ""impact"": -0.01146917746203447}, {""feature"": ""employees"", ""value"": 31.0, ""impact"": -0.008155114187118468}, {""feature"": ""domain_age"", ""value"": 0.01, ""impact"": -0.0160248084926732}, {""feature"": ""founded_recently"", ""value"": 1.0, ""impact"": -0.005060967250837065}]",0.2921361033598501
